tic_id,tce_ext,period,epoch_btjd,depth_ppm,duration_hr,snr,impact,rad_ratio,stellar_Teff,tess_mag,label,source,sector
271503437,TCE_1,0.6548566872976038,1325.7931926546457,333.94460352211627,2.823466359641306,10.607681274414062,0.009999833334166664,0.016892799397255336,,4.27750015,-1,SPOC_TCE,1
271503437,TCE_2,0.6547195649116492,1325.4633467277772,306.7913975118751,2.727838553615013,13.110121726989746,0.5079775726171659,0.016625389581806427,,4.27750015,-1,SPOC_TCE,1
308852608,TCE_1,0.32481000089206236,1325.3311350214399,1360.8163425481332,1.3062123347873666,19.54924774169922,0.999926806994881,0.06141794597875145,6264.0,9.65400028,-1,SPOC_TCE,1
308852608,TCE_2,0.32490039015940414,1325.4915955483407,857.1271607551041,0.9925769437324744,16.62457847595215,0.29993226117031946,0.027524232138444783,6264.0,9.65400028,-1,SPOC_TCE,1
308852608,TCE_1,0.32482917366372904,1325.3312431654176,1019.7805598025633,0.5827501655437844,15.254361152648926,0.022047427064362402,0.029821300325218462,6264.0,9.70870018,-1,SPOC_TCE,1
308852608,TCE_2,0.32479185561219004,1325.4941786678119,2484.3555050476434,1.9359813876701606,33.6226806640625,0.9901045603371778,0.07533754171519648,6264.0,9.70870018,-1,SPOC_TCE,1
259901124,TCE_1,7.325156635060569,1328.0491926902853,27229.38646740417,7.15846947385843,10.739702224731445,0.7696066369262126,0.16593069220532847,6406.0,6.21199989,-1,SPOC_TCE,1
259901124,TCE_2,13.516500891599922,1330.2476998393502,16639.619829225016,26.148069046668645,5.082062244415283,0.3538883224147063,0.12186492876968562,6406.0,6.21199989,-1,SPOC_TCE,1
259901124,TCE_3,4.006640386309746,1329.392807964162,32823.61649869792,4.229459534886088,5.861507415771484,0.9995387689822622,0.28056442006025434,6406.0,6.21199989,-1,SPOC_TCE,1
