tic_id,host_path,period,rp,a,inc,t0,depth_ppm,label,npz_path
SYN_0000,data/processed/lc_raw/TIC_390048041.npz,23.073051357720235,0.12004900273877352,10.765113470399564,87.25192968947783,2727.187104057284,15550.242619223553,0,data/processed/lc_injected/SYN_0000.npz
SYN_0001,data/processed/lc_raw/TIC_23113034.npz,6.614023887818749,0.14589772341528645,45.1904504594989,88.89191748536881,3210.194283738038,18838.77397683642,0,data/processed/lc_injected/SYN_0001.npz
SYN_0002,data/processed/lc_raw/TIC_7624182.npz,1.7277684886324547,0.03160052888945669,35.73720289591046,88.72381077953908,1412.5770156284038,977.502538846764,0,data/processed/lc_injected/SYN_0002.npz
SYN_0003,data/processed/lc_raw/TIC_262781201.npz,21.307687958065223,0.053731329793485744,42.45169106278405,89.02382178748401,1526.2060755638718,2931.470770810685,0,data/processed/lc_injected/SYN_0003.npz
SYN_0004,data/processed/lc_raw/TIC_327663613.npz,1.2434179922462956,0.07114043449253073,14.656310276878814,87.04264321862318,2334.9192686860524,5059.026282579038,0,data/processed/lc_injected/SYN_0004.npz
SYN_0005,data/processed/lc_raw/TIC_350332997.npz,5.219272489591598,0.08014626851447089,11.854044622092578,88.48160187538868,1603.1968396730053,7155.360584390813,0,data/processed/lc_injected/SYN_0005.npz
SYN_0006,data/processed/lc_raw/TIC_427348923.npz,27.17546949977141,0.07380868057670553,14.106351415785364,86.52978312075327,1484.017876192245,5120.399807216014,0,data/processed/lc_injected/SYN_0006.npz
SYN_0007,data/processed/lc_raw/TIC_309133240.npz,2.2167676364478193,0.12992599977293257,39.133378842584456,88.59731477975468,1791.619102699448,10059.536842038086,0,data/processed/lc_injected/SYN_0007.npz
SYN_0008,data/processed/lc_raw/TIC_468845640.npz,11.28969023340424,0.10097852421767478,8.79999445129501,87.07903701085304,3368.1661333509674,11149.948511523178,0,data/processed/lc_injected/SYN_0008.npz
SYN_0009,data/processed/lc_raw/TIC_294315741.npz,1.155327789833735,0.14419828985380234,26.70365466243051,88.91367613625142,3665.59950291674,22463.450007490505,0,data/processed/lc_injected/SYN_0009.npz
SYN_0010,data/processed/lc_raw/TIC_153651591.npz,3.0655179862652333,0.10231916885686623,37.71475764290972,88.84323745958828,2229.3656008470757,10419.554711734836,0,data/processed/lc_injected/SYN_0010.npz
SYN_0011,data/processed/lc_raw/TIC_279251651.npz,15.993915709361767,0.04222995872528331,6.68356502792809,87.77426234695741,1360.039752426863,1997.6070585212558,0,data/processed/lc_injected/SYN_0011.npz
SYN_0012,data/processed/lc_raw/TIC_15682927.npz,29.778891357619273,0.13483481727568794,38.68736087556272,89.45396245439262,3366.3877070282247,20100.555384452433,0,data/processed/lc_injected/SYN_0012.npz
SYN_0013,data/processed/lc_raw/TIC_347030355.npz,1.7788684362366745,0.11455054558886363,16.81072321652891,89.6840657526689,2362.2057421022405,14820.795962687262,0,data/processed/lc_injected/SYN_0013.npz
SYN_0014,data/processed/lc_raw/TIC_29336129.npz,16.080074506310346,0.06566094713549168,18.542691130142288,87.44292022675766,2999.787118202375,4136.540194322302,0,data/processed/lc_injected/SYN_0014.npz
SYN_0015,data/processed/lc_raw/TIC_291555748.npz,11.425204471591156,0.024825636525105457,11.315281867876068,87.09557159658152,2212.7735345637734,657.5518598282981,0,data/processed/lc_injected/SYN_0015.npz
SYN_0016,data/processed/lc_raw/TIC_427348923.npz,28.057673426406126,0.12261052818581589,26.032172069988118,88.92381724626094,1468.7777711225974,16309.354153000832,0,data/processed/lc_injected/SYN_0016.npz
SYN_0017,data/processed/lc_raw/TIC_142938659.npz,17.565746900540407,0.0682767395984469,7.21643539674173,86.86807069229786,3945.3760258985167,5143.268230211717,0,data/processed/lc_injected/SYN_0017.npz
SYN_0018,data/processed/lc_raw/TIC_233681149.npz,16.36171908266811,0.14713989528212298,41.09116461231171,88.89738770385665,1693.865974120351,21102.928919014998,0,data/processed/lc_injected/SYN_0018.npz
SYN_0019,data/processed/lc_raw/TIC_339250695.npz,14.858440946688628,0.0683645116032839,15.465647323799317,86.83755905057563,2917.1974653941365,4397.469041157676,0,data/processed/lc_injected/SYN_0019.npz
SYN_0020,data/processed/lc_raw/TIC_282498590.npz,3.8888657894783023,0.10600406836383235,18.359441355707837,89.7442896335767,2205.301235252836,12697.2513862047,0,data/processed/lc_injected/SYN_0020.npz
SYN_0021,data/processed/lc_raw/TIC_22843856.npz,14.94640242070228,0.05597056870065643,29.094565542350143,89.24280244386813,1800.4161169889253,3461.486454310991,0,data/processed/lc_injected/SYN_0021.npz
SYN_0022,data/processed/lc_raw/TIC_106224626.npz,10.165968663044461,0.09860846809746689,17.96700263821078,88.67446581155146,3314.919064078097,10689.17414065107,0,data/processed/lc_injected/SYN_0022.npz
SYN_0023,data/processed/lc_raw/TIC_374200604.npz,12.306097359863976,0.13050066956562517,10.944627678569477,88.0718987027096,2528.0563465466416,18832.373365906486,0,data/processed/lc_injected/SYN_0023.npz
SYN_0024,data/processed/lc_raw/TIC_9032368.npz,3.450303345882087,0.14103157517808765,11.183356851701097,89.7944012295454,2091.0085793251587,22477.519840968573,0,data/processed/lc_injected/SYN_0024.npz
SYN_0025,data/processed/lc_raw/TIC_379629854.npz,18.21677812952427,0.11956737464813655,40.78016775423887,89.73013531408665,2723.247646816287,16075.011722023635,0,data/processed/lc_injected/SYN_0025.npz
SYN_0026,data/processed/lc_raw/TIC_259151170.npz,1.783158363678505,0.09626319800337697,12.708108684175496,87.82475305736222,2883.3547971724515,10072.855412689763,0,data/processed/lc_injected/SYN_0026.npz
SYN_0027,data/processed/lc_raw/TIC_87597187.npz,14.513569436455592,0.08316844857183718,39.37655255029646,88.99622358256033,2918.609529052809,7111.484057215067,0,data/processed/lc_injected/SYN_0027.npz
SYN_0028,data/processed/lc_raw/TIC_271900960.npz,17.19585352934348,0.02676270239015719,10.269660465504973,85.43854505955385,1336.6087923332764,693.2220086462993,0,data/processed/lc_injected/SYN_0028.npz
SYN_0029,data/processed/lc_raw/TIC_267484653.npz,14.17522089341065,0.12555593156748496,18.291156140484045,87.29274040899276,2587.514322933855,14562.38491788786,0,data/processed/lc_injected/SYN_0029.npz
SYN_0030,data/processed/lc_raw/TIC_348684813.npz,7.456315552514132,0.1193811649604122,9.976478494824972,89.98517328918787,2970.4596676145816,16116.853249147578,0,data/processed/lc_injected/SYN_0030.npz
SYN_0031,data/processed/lc_raw/TIC_316916655.npz,9.23334469805713,0.12716552115253135,9.788878934212228,89.99552365237119,1444.1396494479839,18284.56599305339,0,data/processed/lc_injected/SYN_0031.npz
SYN_0032,data/processed/lc_raw/TIC_87044036.npz,2.4229591787471016,0.13558467584552752,6.304977644201124,86.20414029020573,3235.7332552384755,20184.566864357657,0,data/processed/lc_injected/SYN_0032.npz
SYN_0033,data/processed/lc_raw/TIC_238374636.npz,12.160311992655046,0.12731723061175362,6.806808479617989,86.00891055359527,2230.5411515968485,17633.65052968824,0,data/processed/lc_injected/SYN_0033.npz
SYN_0034,data/processed/lc_raw/TIC_275111900.npz,4.41282443751411,0.047906225184492036,36.945711377658675,89.90102392449342,2799.802482536214,2596.075373122564,0,data/processed/lc_injected/SYN_0034.npz
SYN_0035,data/processed/lc_raw/TIC_96246348.npz,1.4149241062513658,0.09628325578985458,6.905774821107519,89.42072855683409,2202.739139462587,10479.799712080796,0,data/processed/lc_injected/SYN_0035.npz
SYN_0036,data/processed/lc_raw/TIC_286561122.npz,5.412937466001809,0.09013784099420921,11.530861459927237,89.73012226779048,2914.5205726193376,9188.19837095386,0,data/processed/lc_injected/SYN_0036.npz
SYN_0037,data/processed/lc_raw/TIC_103245940.npz,5.374182515183559,0.10796863224246923,34.2154919860389,89.70297204847759,3747.9609594363856,13121.53008494965,0,data/processed/lc_injected/SYN_0037.npz
SYN_0038,data/processed/lc_raw/TIC_290302097.npz,7.504659257869648,0.07638362212756653,10.364788678898508,85.67047304936382,2991.690129647164,5751.253030318204,0,data/processed/lc_injected/SYN_0038.npz
SYN_0039,data/processed/lc_raw/TIC_273774284.npz,8.198951402772575,0.07637857451262384,15.151679069189495,87.86228966561058,3317.5008085314903,6231.855682200083,0,data/processed/lc_injected/SYN_0039.npz
SYN_0040,data/processed/lc_raw/TIC_87597187.npz,19.79050598383509,0.1013406279129444,19.22963683208194,88.93716110992978,2922.334474394799,11380.657004769424,0,data/processed/lc_injected/SYN_0040.npz
SYN_0041,data/processed/lc_raw/TIC_224601047.npz,8.479040094285768,0.09764174733174798,21.229580050261443,87.56369622303379,2587.2246228242284,8488.155640511752,0,data/processed/lc_injected/SYN_0041.npz
SYN_0042,data/processed/lc_raw/TIC_450327768.npz,8.086230266936209,0.08050860952563388,28.412380163325608,88.99935205381918,2612.452546734261,7029.173863203453,0,data/processed/lc_injected/SYN_0042.npz
SYN_0043,data/processed/lc_raw/TIC_136971594.npz,7.744527225606852,0.07917983051243926,10.213552595087076,85.36029573536472,2803.6243238940456,6013.796392073667,0,data/processed/lc_injected/SYN_0043.npz
SYN_0044,data/processed/lc_raw/TIC_145027461.npz,3.0591370272080707,0.056778205670216415,12.78475003362172,86.56946684900994,2231.326401606444,3210.197350106636,0,data/processed/lc_injected/SYN_0044.npz
SYN_0045,data/processed/lc_raw/TIC_67247610.npz,18.00691001742908,0.07906059661909332,8.78519005505969,86.21833727027857,2812.2944688845932,6652.930146355152,0,data/processed/lc_injected/SYN_0045.npz
SYN_0046,data/processed/lc_raw/TIC_415741431.npz,27.602792503998607,0.09831651365106392,12.987796209663536,86.69427817804802,2858.6464717817958,9682.80101544905,0,data/processed/lc_injected/SYN_0046.npz
SYN_0047,data/processed/lc_raw/TIC_13499636.npz,18.990373580083276,0.07685082230788258,39.26446534328034,89.51663935982026,1725.0555909148447,6567.1363701022,0,data/processed/lc_injected/SYN_0047.npz
SYN_0048,data/processed/lc_raw/TIC_445496795.npz,23.67814995140714,0.1313522013566697,10.134683203263673,88.66206751496894,2892.754403419723,19336.197478696195,0,data/processed/lc_injected/SYN_0048.npz
SYN_0049,data/processed/lc_raw/TIC_61980227.npz,4.494578356428065,0.10157433732752993,48.64168025175062,89.92289040715812,2063.151660672854,11663.337619208569,0,data/processed/lc_injected/SYN_0049.npz
SYN_0050,data/processed/lc_raw/TIC_145027461.npz,6.5034067536130555,0.058509000583826826,10.574139868889946,85.2047348014286,2234.109781821191,3136.992840745645,0,data/processed/lc_injected/SYN_0050.npz
SYN_0051,data/processed/lc_raw/TIC_319735319.npz,4.293224848427304,0.14797562372928966,25.923805528714386,89.8895848953692,3667.5150095135896,24737.92307566758,0,data/processed/lc_injected/SYN_0051.npz
SYN_0052,data/processed/lc_raw/TIC_374919956.npz,1.6358345911060677,0.08776463941928693,41.09269041435759,89.62350833609945,3611.9051041128946,8615.656488665802,0,data/processed/lc_injected/SYN_0052.npz
SYN_0053,data/processed/lc_raw/TIC_377144784.npz,1.6616904472991276,0.062178327782942786,7.191431254123307,85.5464114555728,2854.479132484757,4137.96607352801,0,data/processed/lc_injected/SYN_0053.npz
SYN_0054,data/processed/lc_raw/TIC_229770036.npz,13.704192881467643,0.1311639167277928,38.27441608144294,89.00435796053316,1684.024666151499,17808.833653120248,0,data/processed/lc_injected/SYN_0054.npz
SYN_0055,data/processed/lc_raw/TIC_348054109.npz,7.892092537457322,0.12938935814846778,20.661414053428146,89.2667233557203,2012.630648339285,18721.026611706824,0,data/processed/lc_injected/SYN_0055.npz
SYN_0057,data/processed/lc_raw/TIC_427654774.npz,12.001993756477734,0.11340125410403355,19.271892700849044,89.45009728558848,1771.8139031430987,14467.570371113903,0,data/processed/lc_injected/SYN_0057.npz
SYN_0058,data/processed/lc_raw/TIC_271900960.npz,3.499523000887318,0.1070333597701582,12.782477139893512,87.53646350791021,1328.7670092315923,12274.472403138503,0,data/processed/lc_injected/SYN_0058.npz
SYN_0059,data/processed/lc_raw/TIC_269892793.npz,27.021763792868715,0.1332532420178769,29.129018590011885,88.10896014930378,1798.0440646276415,10263.676900485685,0,data/processed/lc_injected/SYN_0059.npz
SYN_0060,data/processed/lc_raw/TIC_259151170.npz,5.898942943307994,0.05126572704838682,34.86294709971584,89.181225884213,2882.4411909260975,2850.4354294931477,0,data/processed/lc_injected/SYN_0060.npz
SYN_0061,data/processed/lc_raw/TIC_470709084.npz,5.560735073323886,0.06546331000829485,35.492934361990734,88.62884817357717,2885.4856424319523,4045.6570478241138,0,data/processed/lc_injected/SYN_0061.npz
SYN_0062,data/processed/lc_raw/TIC_185226925.npz,16.086671944333823,0.06711460025047912,9.233238339022812,89.44828210837699,2831.6143432197273,5091.470254663388,0,data/processed/lc_injected/SYN_0062.npz
SYN_0063,data/processed/lc_raw/TIC_267561446.npz,14.633210053647586,0.13776158417987036,14.546633338548563,87.34900444087414,1722.1002312703463,19583.344302144924,0,data/processed/lc_injected/SYN_0063.npz
SYN_0064,data/processed/lc_raw/TIC_326470400.npz,3.7748371913222356,0.08238272815892007,38.37723847338807,88.65567988326397,1601.8896988581812,6085.94356136416,0,data/processed/lc_injected/SYN_0064.npz
SYN_0065,data/processed/lc_raw/TIC_350743714.npz,10.636279565902784,0.09133851232472709,23.41129899311587,88.00887377933854,1395.8850487158354,8063.411674711918,0,data/processed/lc_injected/SYN_0065.npz
SYN_0066,data/processed/lc_raw/TIC_96246348.npz,3.24418551696328,0.11707249736501278,44.45198587690787,89.50820926783219,2204.929263261069,15134.475687267113,0,data/processed/lc_injected/SYN_0066.npz
SYN_0067,data/processed/lc_raw/TIC_41330864.npz,9.087276952192601,0.1434198785875174,8.231996322629797,85.68896767963902,3342.548788679392,21603.2156351722,0,data/processed/lc_injected/SYN_0067.npz
SYN_0068,data/processed/lc_raw/TIC_53593457.npz,6.99759229790692,0.14181543994333384,10.429490184965887,89.48061041211815,1468.979442761796,22702.167652103868,0,data/processed/lc_injected/SYN_0068.npz
SYN_0069,data/processed/lc_raw/TIC_384549882.npz,5.1732851326269245,0.12850699504951396,13.077143255573935,87.06783965654985,2257.992752799607,17073.568331392842,0,data/processed/lc_injected/SYN_0069.npz
SYN_0070,data/processed/lc_raw/TIC_445137888.npz,2.946964472481242,0.04427151021702036,12.256432828336585,89.70009505403758,2886.154777765271,2217.1278806698556,0,data/processed/lc_injected/SYN_0070.npz
SYN_0071,data/processed/lc_raw/TIC_148233571.npz,13.415190192560527,0.12110895374073283,14.537957498624417,89.6189165804659,3671.195877410528,16562.54425520376,0,data/processed/lc_injected/SYN_0071.npz
SYN_0072,data/processed/lc_raw/TIC_456042145.npz,6.727342674755279,0.11166521797374614,25.749474356970843,88.2997565056464,3399.518378268071,12384.983907325453,0,data/processed/lc_injected/SYN_0072.npz
SYN_0073,data/processed/lc_raw/TIC_75427473.npz,6.768773113449709,0.11339149977612799,23.141309185358686,87.80909465031499,3240.21822751323,11649.769715260216,0,data/processed/lc_injected/SYN_0073.npz
SYN_0074,data/processed/lc_raw/TIC_87597187.npz,28.14218748363605,0.12955781266061206,19.49970532203222,87.7227420102067,2925.251355234167,16548.908305177967,0,data/processed/lc_injected/SYN_0074.npz
SYN_0075,data/processed/lc_raw/TIC_273774284.npz,15.51013343863403,0.1469486203070386,38.524618660085984,88.82333614280999,3324.6899463001155,21043.60645030545,0,data/processed/lc_injected/SYN_0075.npz
SYN_0076,data/processed/lc_raw/TIC_294500964.npz,17.992879848785588,0.06739753435150604,14.848547395758448,89.08028008376415,2244.5725902111535,5095.544165654831,0,data/processed/lc_injected/SYN_0076.npz
SYN_0077,data/processed/lc_raw/TIC_313891529.npz,5.011543033365427,0.11840702616562715,10.206687528924325,86.95031295078265,2093.249453830059,15038.782862368706,0,data/processed/lc_injected/SYN_0077.npz
SYN_0078,data/processed/lc_raw/TIC_27844066.npz,3.6360711896241815,0.06919204655655108,32.885083668643766,89.66450391206627,2773.4672106089056,5387.0285584831645,0,data/processed/lc_injected/SYN_0078.npz
SYN_0079,data/processed/lc_raw/TIC_202468443.npz,18.321376107417937,0.08230431636898972,9.28395891323888,88.6392164948436,3357.679635931807,7607.3631646300655,0,data/processed/lc_injected/SYN_0079.npz
SYN_0080,data/processed/lc_raw/TIC_52548453.npz,4.511189948202518,0.06946876947416382,7.313861955061821,88.36132215611723,2203.330059964719,5424.638735699427,0,data/processed/lc_injected/SYN_0080.npz
SYN_0081,data/processed/lc_raw/TIC_238597883.npz,6.5148768432912405,0.1221945207379812,27.106585087611478,89.46515509768152,2229.9103982939782,16715.560963292854,0,data/processed/lc_injected/SYN_0081.npz
SYN_0082,data/processed/lc_raw/TIC_220016044.npz,14.922303097212453,0.03352011880090196,11.60886806696319,89.30400486810268,2100.5255991466224,1268.0586520802394,0,data/processed/lc_injected/SYN_0082.npz
SYN_0083,data/processed/lc_raw/TIC_369864738.npz,4.681538943523148,0.12468798310115722,9.174023484102264,86.97240758969377,2039.7343185780232,16879.93208041494,0,data/processed/lc_injected/SYN_0083.npz
SYN_0084,data/processed/lc_raw/TIC_42755801.npz,8.427143526735408,0.13220025422838502,13.653530556580987,86.10398960604466,2207.266625921471,12638.7102054919,0,data/processed/lc_injected/SYN_0084.npz
SYN_0085,data/processed/lc_raw/TIC_18017227.npz,2.983710798744249,0.06861185222407222,39.10596434297872,89.13305742328964,2611.7921919638293,4995.717194139604,0,data/processed/lc_injected/SYN_0085.npz
SYN_0086,data/processed/lc_raw/TIC_48276576.npz,8.850206083358103,0.08306858590769547,19.163732835397145,87.82047568523612,2995.699851160381,6982.315131176641,0,data/processed/lc_injected/SYN_0086.npz
SYN_0087,data/processed/lc_raw/TIC_195093356.npz,4.537099962079064,0.12933352451023727,38.94221817220516,89.09904429119013,3342.1686531129453,17613.74885425082,0,data/processed/lc_injected/SYN_0087.npz
SYN_0088,data/processed/lc_raw/TIC_20303110.npz,1.725390082162822,0.06617709498605587,19.577150102193627,89.74322749356321,2666.269898831794,4950.376910538456,0,data/processed/lc_injected/SYN_0088.npz
SYN_0089,data/processed/lc_raw/TIC_275384718.npz,7.8631344425866185,0.06330253057040029,22.888626104974684,87.92376351402469,2309.3828234226526,3840.096070069854,0,data/processed/lc_injected/SYN_0089.npz
SYN_0090,data/processed/lc_raw/TIC_374400599.npz,3.9207001826603016,0.07041266051622964,33.491713196511924,89.63384695744497,2722.2885392013386,5571.177804813088,0,data/processed/lc_injected/SYN_0090.npz
SYN_0091,data/processed/lc_raw/TIC_229976631.npz,7.906642272928297,0.056096744343687735,25.297092508336476,87.83967115214246,2394.305489996376,2509.387525607587,0,data/processed/lc_injected/SYN_0091.npz
SYN_0092,data/processed/lc_raw/TIC_268439377.npz,1.098135763420915,0.12013095974910389,19.882223003574744,89.3938180989127,3690.5641252666046,16207.862690110542,0,data/processed/lc_injected/SYN_0092.npz
SYN_0093,data/processed/lc_raw/TIC_459942762.npz,17.38725940829046,0.047847850347905854,12.226474066321341,88.87453951690664,1446.7549645077727,2568.323626538804,0,data/processed/lc_injected/SYN_0093.npz
SYN_0094,data/processed/lc_raw/TIC_129319156.npz,7.936427427534285,0.062424951102851275,9.549777467101324,89.05481451119961,2337.682399864375,4393.61463161081,0,data/processed/lc_injected/SYN_0094.npz
SYN_0095,data/processed/lc_raw/TIC_262499797.npz,5.7648156215125566,0.13240679588687385,6.078665998757995,87.60228721883614,2966.7734939046422,19619.853737174897,0,data/processed/lc_injected/SYN_0095.npz
SYN_0096,data/processed/lc_raw/TIC_135083444.npz,5.73835930433418,0.10356630371132151,21.95303035436944,88.0935738908482,1900.154059800505,10834.709306587143,0,data/processed/lc_injected/SYN_0096.npz
SYN_0097,data/processed/lc_raw/TIC_188593930.npz,13.441757519364968,0.07035069006931136,6.615449870331151,87.67300375644638,2101.6004796126376,5538.00241893998,0,data/processed/lc_injected/SYN_0097.npz
SYN_0098,data/processed/lc_raw/TIC_309402106.npz,2.1715776364227324,0.10881158050812832,18.579419001361885,89.51494576703068,1325.3931687369104,13340.988442347212,0,data/processed/lc_injected/SYN_0098.npz
SYN_0099,data/processed/lc_raw/TIC_325680697.npz,28.140348958321336,0.12724660413028877,10.287697201367068,85.2991216865865,1434.3968051859529,15240.956758396429,0,data/processed/lc_injected/SYN_0099.npz
SYN_0100,data/processed/lc_raw/TIC_383531859.npz,16.824595128350385,0.08608938331118048,45.451470934423114,89.85901909323356,2345.7176869287428,8369.642065827022,0,data/processed/lc_injected/SYN_0100.npz
SYN_0101,data/processed/lc_raw/TIC_74482749.npz,4.452981939293846,0.08220579468032717,47.127961923808826,89.88596364957179,2256.6786045493177,7636.2507072178505,0,data/processed/lc_injected/SYN_0101.npz
SYN_0102,data/processed/lc_raw/TIC_417705690.npz,16.57934762713586,0.09763853793787129,14.08402632242935,89.00291810336925,1826.329274701249,10684.07617313516,0,data/processed/lc_injected/SYN_0102.npz
SYN_0103,data/processed/lc_raw/TIC_137157546.npz,13.697405404599278,0.14239711125542626,22.023942006803686,88.85386606832685,2726.035518952377,22176.887375144892,0,data/processed/lc_injected/SYN_0103.npz
SYN_0104,data/processed/lc_raw/TIC_350044062.npz,2.55405271312401,0.09926525723206697,7.2875057876814715,89.90693550626501,3263.3303648295228,11146.502852202422,0,data/processed/lc_injected/SYN_0104.npz
SYN_0105,data/processed/lc_raw/TIC_250386181.npz,27.005905776130255,0.07657856425261086,7.7148868358399785,89.11106773046903,1428.412961590208,6621.453597466353,0,data/processed/lc_injected/SYN_0105.npz
SYN_0106,data/processed/lc_raw/TIC_313675203.npz,22.610911440649314,0.02836172368585939,13.936264858908864,88.13412491392104,1616.122230468002,879.7221979264247,0,data/processed/lc_injected/SYN_0106.npz
SYN_0107,data/processed/lc_raw/TIC_192520375.npz,7.334075173219793,0.048162109638224836,9.982591637024946,89.78023329761315,2991.0490271878093,2624.9128158712942,0,data/processed/lc_injected/SYN_0107.npz
SYN_0108,data/processed/lc_raw/TIC_462162963.npz,4.996027090797843,0.11950956733749128,38.65955580286011,89.07536548109377,3749.4012866179232,14994.278825448904,0,data/processed/lc_injected/SYN_0108.npz
SYN_0109,data/processed/lc_raw/TIC_457939414.npz,16.99017918274979,0.09589230786217648,45.04007599429409,89.54304123277821,2295.0015766139727,10187.616709475322,0,data/processed/lc_injected/SYN_0109.npz
SYN_0110,data/processed/lc_raw/TIC_470315428.npz,6.87441441363943,0.12869716141131163,49.76708961293905,89.36456008193542,2917.5854470955114,17722.329377209855,0,data/processed/lc_injected/SYN_0110.npz
SYN_0111,data/processed/lc_raw/TIC_290302097.npz,6.060772800728767,0.06623262876131268,17.063829716924797,88.03149699096357,2995.2931533840865,4662.332203274277,0,data/processed/lc_injected/SYN_0111.npz
SYN_0112,data/processed/lc_raw/TIC_70785910.npz,17.153051674562057,0.051481948263487905,12.640998819771838,85.97592764909328,2089.238718840078,2422.919140493418,0,data/processed/lc_injected/SYN_0112.npz
SYN_0113,data/processed/lc_raw/TIC_89535068.npz,3.761585545353767,0.12367834821147626,16.91202697787918,89.56642591850988,2256.300238035637,17253.248513223964,0,data/processed/lc_injected/SYN_0113.npz
SYN_0114,data/processed/lc_raw/TIC_104195270.npz,7.710797330484291,0.0429358943781903,17.42933135554547,89.82259443069601,2884.37465908206,2085.7668358834626,0,data/processed/lc_injected/SYN_0114.npz
SYN_0115,data/processed/lc_raw/TIC_197650870.npz,8.718724777881285,0.07055218305393125,16.386563746835762,88.87895543218545,2831.989976774823,5541.711443565855,0,data/processed/lc_injected/SYN_0115.npz
SYN_0116,data/processed/lc_raw/TIC_2760710.npz,22.164642142783133,0.11564023935053884,9.400459885044938,87.34115702846792,1358.5589295208017,14647.682443410637,0,data/processed/lc_injected/SYN_0116.npz
SYN_0117,data/processed/lc_raw/TIC_33153766.npz,6.375882911272084,0.07493593546480265,18.024336837862926,88.98030223812935,1549.7676241795302,6251.298173552078,0,data/processed/lc_injected/SYN_0117.npz
SYN_0118,data/processed/lc_raw/TIC_300557619.npz,15.446821128636538,0.11197249520449724,24.855023681625113,89.38339069375851,2044.4261791988201,14021.600693260305,0,data/processed/lc_injected/SYN_0118.npz
SYN_0119,data/processed/lc_raw/TIC_288391628.npz,5.204746449627636,0.08040249117724944,27.737461503189312,87.91322174657269,2392.7083070149743,2134.121679657208,0,data/processed/lc_injected/SYN_0119.npz
SYN_0120,data/processed/lc_raw/TIC_128463355.npz,3.469039937004042,0.0948907976301749,34.63163457769814,89.14797704542852,2229.164330734263,9724.772032663088,0,data/processed/lc_injected/SYN_0120.npz
SYN_0121,data/processed/lc_raw/TIC_66356824.npz,11.10000062038223,0.13111403246749076,6.390177666621448,86.98218117682406,2098.7354317742893,19083.74440528493,0,data/processed/lc_injected/SYN_0121.npz
SYN_0122,data/processed/lc_raw/TIC_159334269.npz,16.41677464216774,0.07665873495265745,25.228950850558437,88.2021960605182,2613.7399522624355,5763.071318358293,0,data/processed/lc_injected/SYN_0122.npz
SYN_0123,data/processed/lc_raw/TIC_125894957.npz,7.501302669775901,0.1236453319706971,20.730362515341525,87.89304648406262,2230.1640634888,15184.827528311185,0,data/processed/lc_injected/SYN_0123.npz
SYN_0124,data/processed/lc_raw/TIC_310267134.npz,1.9356466789460638,0.1258156433827031,31.11080975343244,88.87208602284666,3831.7979629942542,16670.4629148271,0,data/processed/lc_injected/SYN_0124.npz
SYN_0125,data/processed/lc_raw/TIC_330332501.npz,16.596125960932905,0.09938545388706367,28.495629180641792,88.5637484688065,2804.528255354466,10049.740952244978,0,data/processed/lc_injected/SYN_0125.npz
SYN_0126,data/processed/lc_raw/TIC_303055194.npz,2.876676736364394,0.12788982124811354,19.85905830189791,88.4302493475295,3535.8610202958725,17534.219557006734,0,data/processed/lc_injected/SYN_0126.npz
SYN_0127,data/processed/lc_raw/TIC_278199349.npz,5.7054909556703,0.10556233711036363,8.333174873241784,87.23419421207076,2038.6131669247263,12272.66455968079,0,data/processed/lc_injected/SYN_0127.npz
SYN_0128,data/processed/lc_raw/TIC_260609205.npz,2.2745909030713536,0.08219624139307607,26.67162151427196,89.60842492118785,1326.4172576707401,7605.787834678246,0,data/processed/lc_injected/SYN_0128.npz
SYN_0129,data/processed/lc_raw/TIC_53427308.npz,1.246935926095929,0.0897976065031646,11.94274064360642,89.70538142382348,2581.109999789537,9117.87200011127,0,data/processed/lc_injected/SYN_0129.npz
SYN_0130,data/processed/lc_raw/TIC_242083025.npz,10.460912502757646,0.0998185856350093,23.551636840883383,88.79821526153198,2310.872873159368,10805.617352884323,0,data/processed/lc_injected/SYN_0130.npz
SYN_0131,data/processed/lc_raw/TIC_100589632.npz,7.434772550728409,0.08002935090386928,39.024191647078375,89.24865095700613,3673.053961575653,6924.167626842781,0,data/processed/lc_injected/SYN_0131.npz
SYN_0132,data/processed/lc_raw/TIC_144956678.npz,5.588272643481988,0.04506063214246435,16.82920994719022,87.91222370769688,2234.554691084335,2142.9625087774352,0,data/processed/lc_injected/SYN_0132.npz
SYN_0133,data/processed/lc_raw/TIC_108939482.npz,7.913408976965773,0.14790653754092192,45.77480648443317,88.99224172414029,2966.099277281776,21121.685427763492,0,data/processed/lc_injected/SYN_0133.npz
SYN_0134,data/processed/lc_raw/TIC_101395259.npz,9.678506777030256,0.08850883243868168,27.747626871068015,88.18335139958153,1521.858820876639,7179.256803912182,0,data/processed/lc_injected/SYN_0134.npz
SYN_0135,data/processed/lc_raw/TIC_52548453.npz,7.475027807371335,0.0724795274012618,15.25405039487752,88.79670550011194,2205.877110826645,5848.583265899876,0,data/processed/lc_injected/SYN_0135.npz
SYN_0136,data/processed/lc_raw/TIC_180987952.npz,2.5931146867324086,0.09144182171422008,5.977555506684033,89.24396056568044,2256.0722333399067,9451.089652155242,0,data/processed/lc_injected/SYN_0136.npz
SYN_0137,data/processed/lc_raw/TIC_382302241.npz,15.698086036408588,0.07916890451264877,18.5122360464137,87.38616454987898,2041.9241649275118,5933.145638580606,0,data/processed/lc_injected/SYN_0137.npz
SYN_0138,data/processed/lc_raw/TIC_89702406.npz,11.134836280474273,0.09545657528440299,39.94917961499222,89.05259857829898,2263.703573426688,9462.910934859514,0,data/processed/lc_injected/SYN_0138.npz
SYN_0139,data/processed/lc_raw/TIC_207501148.npz,29.150594674690176,0.0870452907976695,8.517026294842474,89.24894598902517,1756.5449068817848,8556.490976320496,0,data/processed/lc_injected/SYN_0139.npz
SYN_0140,data/processed/lc_raw/TIC_13574905.npz,13.1003546859019,0.09005787671295526,11.911090058875153,88.69885013283076,2798.087717949033,9071.321744214434,0,data/processed/lc_injected/SYN_0140.npz
SYN_0141,data/processed/lc_raw/TIC_464067218.npz,7.386864443791485,0.1292411055853526,15.876481909150893,88.09330305968159,3021.2163364378707,17970.073112711594,0,data/processed/lc_injected/SYN_0141.npz
SYN_0142,data/processed/lc_raw/TIC_219239945.npz,11.932875557580463,0.14822376679400012,11.776922925935157,85.44201145350337,1393.9825657696754,14616.490448673303,0,data/processed/lc_injected/SYN_0142.npz
SYN_0143,data/processed/lc_raw/TIC_18017227.npz,3.5544785034164033,0.12839791609057608,28.403236051766964,89.21365984403236,2611.7043464896374,18177.91712949468,0,data/processed/lc_injected/SYN_0143.npz
SYN_0144,data/processed/lc_raw/TIC_431999925.npz,5.428013881401201,0.10625475091538204,7.131762802827041,86.43296882456907,1492.3946636502174,12353.845368220262,0,data/processed/lc_injected/SYN_0144.npz
SYN_0145,data/processed/lc_raw/TIC_337274055.npz,8.20053318867349,0.0739166252191673,22.733238837581027,89.05151277636733,3100.7772262129374,6042.2769521572,0,data/processed/lc_injected/SYN_0145.npz
SYN_0146,data/processed/lc_raw/TIC_308050066.npz,10.752289082393489,0.14827064268590465,5.730370535411215,87.26253965762191,1553.5668227568399,24552.0819260433,0,data/processed/lc_injected/SYN_0146.npz
SYN_0147,data/processed/lc_raw/TIC_341444900.npz,1.9111530337035054,0.14235832014159278,16.961423597377955,87.52031953282275,3367.86988305111,20382.37673007426,0,data/processed/lc_injected/SYN_0147.npz
SYN_0148,data/processed/lc_raw/TIC_327017634.npz,15.594837351246762,0.07275532963752412,17.576931810658532,89.2773768170894,1605.035086128001,5944.766704033544,0,data/processed/lc_injected/SYN_0148.npz
SYN_0149,data/processed/lc_raw/TIC_268727719.npz,9.571913513164173,0.14671378929812037,13.391748264013875,86.50700318360093,3584.8900437498414,20627.891295387446,0,data/processed/lc_injected/SYN_0149.npz
SYN_0150,data/processed/lc_raw/TIC_285542903.npz,2.621677648433227,0.10520489095710478,13.159465644463356,88.37406376202935,2883.4391651661495,12238.141846453333,0,data/processed/lc_injected/SYN_0150.npz
SYN_0151,data/processed/lc_raw/TIC_279212407.npz,7.093591626437426,0.09007308758976837,14.622386957509901,89.50045639071841,2721.0622644926084,9156.40698083786,0,data/processed/lc_injected/SYN_0151.npz
SYN_0152,data/processed/lc_raw/TIC_294090620.npz,8.902389824719474,0.02735132762172289,15.730989967208414,88.73555436343706,2230.2147521565857,830.7126181544833,0,data/processed/lc_injected/SYN_0152.npz
SYN_0153,data/processed/lc_raw/TIC_200807066.npz,16.735010421585326,0.0578153567082272,12.328544805921613,87.5958361745716,1394.8620913201037,3611.0777329401158,0,data/processed/lc_injected/SYN_0153.npz
SYN_0154,data/processed/lc_raw/TIC_192520375.npz,4.009576933917604,0.1331176426882759,17.165343673743756,89.46871564358136,2991.6244400068067,19955.608835636074,0,data/processed/lc_injected/SYN_0154.npz
SYN_0155,data/processed/lc_raw/TIC_424699834.npz,5.608692231273129,0.1457680210363414,40.31249093831081,89.83796512998737,2829.959752741715,23968.057426387855,0,data/processed/lc_injected/SYN_0155.npz
SYN_0156,data/processed/lc_raw/TIC_427348923.npz,18.337824962979905,0.12422617016483316,8.038729148812402,87.56121485553314,1473.0186887386074,17122.920150641872,0,data/processed/lc_injected/SYN_0156.npz
SYN_0157,data/processed/lc_raw/TIC_20303110.npz,2.710249792570803,0.14996714716800813,25.490845464956926,89.3626587457425,2666.581948121702,25093.08813558131,0,data/processed/lc_injected/SYN_0157.npz
SYN_0158,data/processed/lc_raw/TIC_289316336.npz,5.148483367983806,0.10873813732687121,8.02200549807378,85.19375665764214,2747.36472125995,12222.802425215563,0,data/processed/lc_injected/SYN_0158.npz
SYN_0159,data/processed/lc_raw/TIC_440801822.npz,3.581026635046903,0.10176431498080017,9.230954097597365,89.74925689957932,2204.4179428378716,11711.715859787697,0,data/processed/lc_injected/SYN_0159.npz
SYN_0160,data/processed/lc_raw/TIC_242083025.npz,4.957646067290817,0.05482253564500171,21.575487389285485,87.6858632416341,2309.9315278927784,2788.3454695588616,0,data/processed/lc_injected/SYN_0160.npz
SYN_0161,data/processed/lc_raw/TIC_115564354.npz,2.7582915234927485,0.0616429733032459,16.454719158227697,86.92960645731607,2911.9408138541744,3489.6819893786014,0,data/processed/lc_injected/SYN_0161.npz
SYN_0162,data/processed/lc_raw/TIC_193628179.npz,13.503377757092338,0.09374350320570844,45.41540362254925,89.97504708661906,3313.925751880563,9941.16663271305,0,data/processed/lc_injected/SYN_0162.npz
SYN_0163,data/processed/lc_raw/TIC_406190563.npz,4.281693862295205,0.09030969363139926,27.409923085692053,87.90219148601422,3508.1692251649406,3094.160521881717,0,data/processed/lc_injected/SYN_0163.npz
SYN_0164,data/processed/lc_raw/TIC_309257814.npz,9.35373909294208,0.11132434062685727,7.987922556947355,89.31273900204162,1579.1610262329843,13997.249756311669,0,data/processed/lc_injected/SYN_0164.npz
SYN_0165,data/processed/lc_raw/TIC_376682699.npz,5.501589603890774,0.06110661456386618,11.74736650703273,89.36052151001788,3398.7969996188235,4214.989359467736,0,data/processed/lc_injected/SYN_0165.npz
SYN_0166,data/processed/lc_raw/TIC_78154865.npz,15.12634717757623,0.025020188053321766,15.65158975369715,87.6381818030224,1518.8672247224524,654.5355227154381,0,data/processed/lc_injected/SYN_0166.npz
SYN_0167,data/processed/lc_raw/TIC_295413003.npz,8.251038008680627,0.11159813590115497,8.08793856989865,88.45923530642827,2802.3141189623484,13982.658683836302,0,data/processed/lc_injected/SYN_0167.npz
SYN_0168,data/processed/lc_raw/TIC_406190563.npz,17.525723212438944,0.03245450536948305,14.108237577669303,87.69718879332194,3514.9926120102105,1125.5029719567933,0,data/processed/lc_injected/SYN_0168.npz
SYN_0169,data/processed/lc_raw/TIC_422159302.npz,5.984751762038857,0.11083024406037291,33.869624150338545,88.95121577694718,3588.331980718405,12915.227263381124,0,data/processed/lc_injected/SYN_0169.npz
SYN_0170,data/processed/lc_raw/TIC_457138169.npz,18.579696437746517,0.02416707134546653,17.2920443326484,87.63699890329066,1886.6589766555385,595.9307909084721,0,data/processed/lc_injected/SYN_0170.npz
SYN_0171,data/processed/lc_raw/TIC_356919658.npz,3.407782640245166,0.037023526535511886,21.802259446640363,89.72071823538137,1957.5171156003998,1548.9776637188645,0,data/processed/lc_injected/SYN_0171.npz
SYN_0172,data/processed/lc_raw/TIC_47484268.npz,6.014891925241011,0.05475317946779217,18.228221191605694,87.71654588117978,1357.1169012898467,3040.0435124681158,0,data/processed/lc_injected/SYN_0172.npz
SYN_0173,data/processed/lc_raw/TIC_239638934.npz,5.7034307052047,0.1430002478803891,17.834948847224034,88.46385784627498,3559.602618987813,22215.993928222822,0,data/processed/lc_injected/SYN_0173.npz
SYN_0174,data/processed/lc_raw/TIC_393251073.npz,5.9760837069517745,0.14937774194200867,5.711145762348328,87.78791748413191,2585.6404505273304,25026.624102373662,0,data/processed/lc_injected/SYN_0174.npz
SYN_0175,data/processed/lc_raw/TIC_310267134.npz,1.8632714873068248,0.1396655074784809,6.17078315982065,89.18099875478887,3830.7197285104344,22024.00710579955,0,data/processed/lc_injected/SYN_0175.npz
SYN_0176,data/processed/lc_raw/TIC_259151170.npz,3.4338740079727175,0.13786456155651916,8.993052185355012,87.03427919695413,2885.5705050281076,20701.47345683926,0,data/processed/lc_injected/SYN_0176.npz
SYN_0177,data/processed/lc_raw/TIC_190271688.npz,8.86299870081762,0.07919636875366075,13.886692333847517,89.30443084260497,2341.154293099725,7066.305055113964,0,data/processed/lc_injected/SYN_0177.npz
SYN_0178,data/processed/lc_raw/TIC_124095888.npz,7.385674431651942,0.14434347668832925,15.275130423436668,89.65912145397658,3045.441235807521,23519.900103991407,0,data/processed/lc_injected/SYN_0178.npz
SYN_0179,data/processed/lc_raw/TIC_242536549.npz,4.3352627804880495,0.07501622768440686,14.417480640737793,89.11467938596549,2335.0577123983585,6319.320882179458,0,data/processed/lc_injected/SYN_0179.npz
SYN_0180,data/processed/lc_raw/TIC_348054109.npz,22.15290332837982,0.12182497588664648,34.90608692872914,89.23171508494984,2032.271380482477,16164.576400390706,0,data/processed/lc_injected/SYN_0180.npz
SYN_0181,data/processed/lc_raw/TIC_20178111.npz,12.438351957605246,0.08916522827867324,9.76740606459327,86.12887597033134,1478.7314471244988,8261.763666679633,0,data/processed/lc_injected/SYN_0181.npz
SYN_0182,data/processed/lc_raw/TIC_164150539.npz,4.268401470875062,0.04443734254668683,27.122465043385446,89.02908480675312,2829.082421893414,2157.1781848552796,0,data/processed/lc_injected/SYN_0182.npz
SYN_0183,data/processed/lc_raw/TIC_80478272.npz,1.6020425841379797,0.09047490237361615,26.027301555155056,88.0714092523579,2854.0765096286204,7527.129458824833,0,data/processed/lc_injected/SYN_0183.npz
SYN_0184,data/processed/lc_raw/TIC_445496795.npz,22.623791745897876,0.05779298918536699,41.02597028818942,89.2682533450225,2885.8064928893987,3603.116112899096,0,data/processed/lc_injected/SYN_0184.npz
SYN_0185,data/processed/lc_raw/TIC_280830734.npz,18.50770557189946,0.13247911883272284,12.46397133755043,89.09829109767581,1325.8922765836605,19724.136769004417,0,data/processed/lc_injected/SYN_0185.npz
SYN_0186,data/processed/lc_raw/TIC_334911765.npz,7.797310129562834,0.04169565565758677,27.643033702619952,89.95436239001103,2333.9535434427034,1967.7397438652156,0,data/processed/lc_injected/SYN_0186.npz
SYN_0187,data/processed/lc_raw/TIC_271596418.npz,5.69042727487558,0.07440524788644975,13.168539864936218,87.64812620479742,1329.317644940696,5948.897993417024,0,data/processed/lc_injected/SYN_0187.npz
SYN_0188,data/processed/lc_raw/TIC_116257066.npz,2.467037801754451,0.12821720598318023,12.874002686936969,88.82406000305565,2475.065111261288,18384.187094600657,0,data/processed/lc_injected/SYN_0188.npz
SYN_0189,data/processed/lc_raw/TIC_293075732.npz,5.5846150801467775,0.1386753530393247,9.52349006375188,86.57882238923045,3098.0827802478548,20486.417747509477,0,data/processed/lc_injected/SYN_0189.npz
SYN_0190,data/processed/lc_raw/TIC_427654774.npz,7.918328641889106,0.10454822589466636,42.85040290269446,89.95500124038244,1765.9677992825473,12361.643110363584,0,data/processed/lc_injected/SYN_0190.npz
SYN_0191,data/processed/lc_raw/TIC_416539317.npz,24.18586556582863,0.13423920573914308,7.199391958289403,88.77045280092787,2589.113291731867,20297.56786944137,0,data/processed/lc_injected/SYN_0191.npz
SYN_0192,data/processed/lc_raw/TIC_130191319.npz,4.616178212297449,0.04636391529212917,11.084961290179372,85.58473616544605,2964.3773225968685,2025.5682623154803,0,data/processed/lc_injected/SYN_0192.npz
SYN_0193,data/processed/lc_raw/TIC_255918903.npz,4.755484376770603,0.1408940943612191,22.34364041486396,89.17931485634647,3098.0352654405815,22071.990373441207,0,data/processed/lc_injected/SYN_0193.npz
SYN_0194,data/processed/lc_raw/TIC_206466531.npz,16.66593455674522,0.12852375028029434,31.084912368952672,88.1338303216358,1391.8258124118615,5845.700038345947,0,data/processed/lc_injected/SYN_0194.npz
SYN_0195,data/processed/lc_raw/TIC_89702406.npz,3.8926056643518545,0.03320541255792935,7.023390912447236,89.3661996817694,2258.478388773997,1246.9874764722276,0,data/processed/lc_injected/SYN_0195.npz
SYN_0196,data/processed/lc_raw/TIC_444415148.npz,1.1419347808076024,0.08821440150650783,17.714048057901998,87.98363175215964,3434.764844522196,8180.465689628935,0,data/processed/lc_injected/SYN_0196.npz
SYN_0197,data/processed/lc_raw/TIC_201233610.npz,6.980293196952426,0.06323298174590261,24.40932266821061,89.07522411704046,2064.0942614043197,4411.9263593765945,0,data/processed/lc_injected/SYN_0197.npz
SYN_0198,data/processed/lc_raw/TIC_262499797.npz,2.3870938774525423,0.14643012495592048,14.18059159493184,88.11535751781018,2965.103267808083,23342.56502461962,0,data/processed/lc_injected/SYN_0198.npz
SYN_0199,data/processed/lc_raw/TIC_422159302.npz,3.9116166059936304,0.14037406598712476,11.715247779811541,89.98534505538122,3586.0759352938376,22274.227615830423,0,data/processed/lc_injected/SYN_0199.npz
